{
    "feature_names": [
        "spread",
        "micro_minus_mid",
        "imbalance_l1",
        "imbalance_l3",
        "ret_1",
        "ret_3",
        "ret_6",
        "ema_gap",
        "avg_move"
    ],
    "means": {
        "spread": 13.020266212970377,
        "micro_minus_mid": -0.004261866169988154,
        "imbalance_l1": -0.00026311277154443953,
        "imbalance_l3": -6.55228601710602e-05,
        "ret_1": -0.002101681345076061,
        "ret_3": -0.006505204163330665,
        "ret_6": -0.012860288230584467,
        "ema_gap": -0.021620761565554186,
        "avg_move": 0.7896066853482786
    },
    "stds": {
        "spread": 1.7545815404569105,
        "micro_minus_mid": 0.3227995811671308,
        "imbalance_l1": 0.08535820479562127,
        "imbalance_l3": 0.027071824329463447,
        "ret_1": 1.3409134677741232,
        "ret_3": 1.5292712598395302,
        "ret_6": 1.7662917550267654,
        "ema_gap": 0.93876275794921,
        "avg_move": 0.35567738818329037
    },
    "coefficients": {
        "spread": 0.07382200937664385,
        "micro_minus_mid": 0.2164079387587734,
        "imbalance_l1": 0.19577639120641,
        "imbalance_l3": -0.823912001077901,
        "ret_1": -0.017537806202237605,
        "ret_3": -0.005861668210961928,
        "ret_6": -0.04301269416861886,
        "ema_gap": -0.04352308512117975,
        "avg_move": -0.009486936397555327
    },
    "intercept": -0.4411656656923342,
    "horizon": 3
}