{
    "feature_names": [
        "spread",
        "micro_minus_mid",
        "imbalance_l1",
        "imbalance_l3",
        "ret_1",
        "ret_3",
        "ret_6",
        "ema_gap",
        "mean_reversion_gap",
        "avg_move"
    ],
    "means": {
        "spread": 13.020064044831383,
        "micro_minus_mid": -0.0043615097338658695,
        "imbalance_l1": -0.0002881039540950706,
        "imbalance_l3": -6.268413209614535e-05,
        "ret_1": -0.0021765235664965477,
        "ret_3": -0.006604623236265386,
        "ret_6": -0.013109176423496448,
        "ema_gap": -0.020727826794256013,
        "mean_reversion_gap": 0.008660876460879789,
        "avg_move": 1.5084262108475932
    },
    "stds": {
        "spread": 1.7548667709940504,
        "micro_minus_mid": 0.3230919850628444,
        "imbalance_l1": 0.08542710094354214,
        "imbalance_l3": 0.0270734373931867,
        "ret_1": 1.341280000630484,
        "ret_3": 1.5293333694465763,
        "ret_6": 1.7664919020530114,
        "ema_gap": 0.9384403118565846,
        "mean_reversion_gap": 1.0019997260256968,
        "avg_move": 0.05511465974572046
    },
    "coefficients": {
        "spread": -0.03137141267023864,
        "micro_minus_mid": -0.21342461466523852,
        "imbalance_l1": 0.4665051480370547,
        "imbalance_l3": -0.6695238469265514,
        "ret_1": -0.026600857531249963,
        "ret_3": 0.01488873123043606,
        "ret_6": -0.004398198397041495,
        "ema_gap": 0.015064334653624317,
        "mean_reversion_gap": 0.10502344020404596,
        "avg_move": 0.0031974208196821024
    },
    "intercept": -0.004486473865040763,
    "target": "mean_future_mid_delta",
    "target_definition": "mean(mid[t+1:t+h]) - mid[t]",
    "horizon": 3,
    "alpha": 10.0
}